Company ID,Total Billing Across Portfolio Last Month,Marvin Gardens,Park Place,Boardwalk,Ventnor,St. James Place,Tennessee,Kentucky,Pennslyvania,,,,,,,,,,
387494486,0.00034951,0.00000000,0.00000000,0.00000000,0.00000000,0.00000000,0.00681146,0.00000000,0.00000000,,,,,,,,,,
97912844,0.00078403,0.00000000,0.00000000,0.00000000,0.00000000,0.00000000,0.00000000,0.01707488,0.00000000,,,,,,,,,,
46925340,0.00077046,0.00089562,0.00000000,0.00000000,0.00000000,-0.00031792,0.00000000,-0.00125810,0.00000000,,,,,,,,,,
368572921,0.36277566,0.07974148,0.02744121,0.22683824,0.86773849,0.94984360,0.60459389,0.19223695,0.00000000,,,,,,,,,,
126828694,0.44549270,0.20316067,1.00000000,0.28780057,0.31619762,0.34845004,0.38110932,0.12616243,0.00000000,,,,,,,,,,
345067056,0.00073420,0.00073420,0.00000000,0.00000000,0.00000000,0.00000000,0.00000000,0.00000000,0.00000000,,,,,,,,,,
37831131,0.05755280,0.00843171,0.10333828,0.00000000,0.00740751,0.05387277,0.51143091,0.00000000,0.00000000,,,,,,,,,,
15616792,0.00261409,0.00261409,0.00000000,0.00000000,0.00000000,0.00000000,0.00000000,0.00000000,0.00000000,,,,,,,,,,
347666212,0.00278145,0.00278145,0.00000000,0.00000000,0.00000000,0.00000000,0.00000000,0.00000000,0.00000000,,,,,,,,,,
127582501,0.01101953,0.00000000,0.05270457,0.00000000,0.00000000,0.00000000,0.10233065,0.00000000,0.00000000,,,,,,,,,,
41732466,0.00548908,0.00548908,0.00000000,0.00000000,0.00000000,0.00000000,0.00000000,0.00000000,0.00000000,,,,,,,,,,
112755124,0.00685084,0.00000000,0.04115773,0.00000000,0.00000000,0.00000000,0.04571933,0.00000000,0.00000000,,,,,,,,,,
50466149,0.01650500,0.00000000,0.00000000,0.04043439,0.00000000,0.00206974,0.11573789,0.13679143,0.00000000,,,,,,,,,,
470674229,0.00291967,0.00291967,0.00000000,0.00000000,0.00000000,0.00000000,0.00000000,0.00000000,0.00000000,,,,,,,,,,
48041812,0.07963198,0.03565600,0.00000000,0.00000000,1.00000000,0.00000000,0.46970626,0.00000000,0.00000000,,,,,,,,,,
190857276,0.15129207,0.06135659,0.16081652,0.49217830,0.59384315,0.03311373,0.13041327,0.00000000,0.00000000,,,,,,,,,,
8929846,0.02451923,0.01101801,0.00000000,0.00000000,0.07218354,0.03075301,0.04033508,0.07573768,0.00000000,,,,,,,,,,
18434936,0.09641742,0.00000000,0.00000000,1.00000000,0.00000000,0.00000000,0.02513735,0.00000000,0.00000000,,,,,,,,,,
68913190,0.20947133,0.11666744,0.27392468,0.08637257,0.05276391,0.08151418,0.65163369,0.06184698,0.00000000,,,,,,,,,,
1475361,0.05361595,0.01729803,0.00094421,0.03604987,0.00313023,0.00000000,0.63772377,0.00000000,0.00000000,,,,,,,,,,
73056892,0.00004336,0.00000000,0.00000000,0.00000000,0.00000000,0.00000000,0.00084498,0.00000000,0.00000000,,,,,,,,,,
118718550,0.00957125,0.00000000,0.02703653,0.03058258,0.15935420,0.00000000,0.00000000,0.01166670,0.00000000,,,,,,,,,,
25543595,0.01230222,0.00000000,0.05720985,0.00000000,0.00000000,0.00000000,0.11771820,0.00000000,0.00000000,,,,,,,,,,
369784430,-0.00002611,0.00000000,0.00000000,-0.00027448,0.00000000,0.00000000,0.00000000,0.00000000,0.00000000,,,,,,,,,,
2903082,0.02182621,0.01942327,0.00000000,0.00000000,0.00000000,0.00000000,0.04682967,0.00000000,0.00000000,,,,,,,,,,
25987521,0.02281073,0.00329434,0.05018544,0.05406357,0.03716669,0.01017435,0.09038192,0.02934113,0.00000000,,,,,,,,,,
47563467,0.04013081,0.00000000,0.00380803,0.41748155,0.00000000,0.00000000,0.00000000,0.00000000,0.00000000,,,,,,,,,,
26988006,0.00097736,0.00097736,0.00000000,0.00000000,0.00000000,0.00000000,0.00000000,0.00000000,0.00000000,,,,,,,,,,
313065571,0.06600109,0.00322213,0.00108033,0.04388623,0.20016064,0.12593648,0.46739819,0.08335669,0.00000000,,,,,,,,,,
14090269,0.04701144,0.00000000,0.00000000,0.00000000,0.00000000,0.22176361,0.00000000,0.00000000,0.00000000,,,,,,,,,,
2887880,0.00061690,0.00000000,0.00000000,0.00648494,0.00000000,0.00000000,0.00000000,0.00000000,0.00000000,,,,,,,,,,
106545259,0.00590908,0.00000000,0.00000000,0.00000000,0.00000000,0.00000000,0.05463179,0.06763953,0.00000000,,,,,,,,,,
369901924,0.00280025,0.00000000,0.02558386,0.00000000,0.00000000,0.00000000,0.00000000,0.00000000,0.00000000,,,,,,,,,,
353615041,0.00641176,0.00156439,0.00606550,0.01211206,0.00000000,0.00608187,0.00000000,0.03793799,0.00000000,,,,,,,,,,
61949294,0.05661011,0.00813180,0.08486953,0.11403166,0.39089935,0.04661814,0.17020256,0.03974852,0.06227610,,,,,,,,,,
105351486,0.00524730,0.00524730,0.00000000,0.00000000,0.00000000,0.00000000,0.00000000,0.00000000,0.00000000,,,,,,,,,,
464393491,0.00213228,0.00213228,0.00000000,0.00000000,0.00000000,0.00000000,0.00000000,0.00000000,0.00000000,,,,,,,,,,
14556261,0.00619227,0.00000000,0.05657420,0.00000000,0.00000000,0.00000000,0.00000000,0.00000000,0.00000000,,,,,,,,,,
343969235,0.00120095,0.00000000,0.00941424,0.00000000,0.00000000,0.00000000,0.00332319,0.00000000,0.00000000,,,,,,,,,,
32211156,0.01645456,0.01645456,0.00000000,0.00000000,0.00000000,0.00000000,0.00000000,0.00000000,0.00000000,,,,,,,,,,
11485738,0.01491445,0.00000000,0.00000000,0.00000000,0.00000000,0.07035485,0.00000000,0.00000000,0.00000000,,,,,,,,,,
24609912,0.04778504,0.00000000,0.00051482,0.50173349,0.00000000,0.00000000,0.00000000,0.00000000,0.00000000,,,,,,,,,,
5606185,0.00008231,0.00000000,0.00000000,0.00000000,0.00000000,0.00000000,0.00160411,0.00000000,0.00000000,,,,,,,,,,
30949403,0.00220133,0.00000000,0.00000000,0.02314083,0.00000000,0.00000000,0.00000000,0.00000000,0.00000000,,,,,,,,,,
986585,0.00470164,0.00000000,0.00000000,0.04942460,0.00000000,0.00000000,0.00000000,0.00000000,0.00000000,,,,,,,,,,
343552498,0.00769977,0.00769977,0.00000000,0.00000000,0.00000000,0.00000000,0.00000000,0.00000000,0.00000000,,,,,,,,,,
355039124,0.00233329,0.00000000,0.02131756,0.00000000,0.00000000,0.00000000,0.00000000,0.00000000,0.00000000,,,,,,,,,,
346209844,1.00000000,1.00000000,0.00000000,0.00000000,0.00000000,0.00000000,0.00000000,0.00000000,0.00000000,,,,,,,,,,
2393436,0.00002636,0.00000000,0.00000000,0.00000000,0.00000000,0.00000000,0.00051363,0.00000000,0.00000000,,,,,,,,,,
56953886,0.00262215,0.00000000,0.00000000,0.00000000,0.00000000,0.01236930,0.00000000,0.00000000,0.00000000,,,,,,,,,,
27003689,0.19190341,0.17355012,0.01009032,0.01108034,0.37348340,0.02644510,0.02551465,0.04043866,0.00000000,,,,,,,,,,
18319464,0.00668194,0.00000000,0.04853860,0.00000000,0.01279780,0.00525899,0.00000000,0.00000000,0.00000000,,,,,,,,,,
65145132,0.00215296,0.00000000,0.01967005,0.00000000,0.00000000,0.00000000,0.00000000,0.00000000,0.00000000,,,,,,,,,,
58609337,0.00045016,0.00000000,0.00000000,0.00000000,0.00000000,0.00000000,0.00877291,0.00000000,0.00000000,,,,,,,,,,
56495174,0.00949857,0.00158945,0.00282419,0.01435404,0.00564600,0.00533891,0.08381960,0.01501763,0.00000000,,,,,,,,,,
3194954,0.05826622,0.01849950,0.10305835,0.04170499,0.07083987,0.03514501,0.26298320,0.04718924,0.00000000,,,,,,,,,,
30376081,0.00401322,0.00000000,0.00000000,0.00000000,0.00000000,0.01893128,0.00000000,0.00000000,0.00000000,,,,,,,,,,
465430750,0.01027854,0.00000000,0.00000000,0.10805009,0.00000000,0.00000000,0.00000000,0.00000000,0.00000000,,,,,,,,,,
15567237,0.01778092,0.00000000,0.06886756,0.00000000,0.00000000,0.00000000,0.19962304,0.00000000,0.00000000,,,,,,,,,,
50761430,0.00780069,0.00000000,0.03491449,0.00000000,0.04715066,0.00000000,0.05928566,0.00000000,0.00000000,,,,,,,,,,
9355321,0.10977767,0.00000000,0.58030390,0.48630627,0.00000000,0.00000000,0.00000000,0.00000000,0.00000000,,,,,,,,,,
13534186,0.01847078,0.00154063,0.09606662,0.03579521,0.08629598,0.00000000,0.00000000,0.02820543,0.00000000,,,,,,,,,,
348756962,0.00492104,0.00000000,0.00000000,0.05173094,0.00000000,0.00000000,0.00000000,0.00000000,0.00000000,,,,,,,,,,
575162,0.00057723,0.00000000,0.00000000,0.00606796,0.00000000,0.00000000,0.00000000,0.00000000,0.00000000,,,,,,,,,,
19171206,0.00200171,0.00000000,0.01828816,0.00000000,0.00000000,0.00000000,0.00000000,0.00000000,0.00000000,,,,,,,,,,
354039914,0.01532616,0.00000000,0.00000000,0.16111169,0.00000000,0.00000000,0.00000000,0.00000000,0.00000000,,,,,,,,,,
14848474,0.01507037,0.00000000,0.00000000,0.15842278,0.00000000,0.00000000,0.00000000,0.00000000,0.00000000,,,,,,,,,,
25231652,0.00432345,0.00000000,0.03950020,0.00000000,0.00000000,0.00000000,0.00000000,0.00000000,0.00000000,,,,,,,,,,
483828705,0.02031205,0.01753917,0.00000000,0.00000000,0.00000000,0.01308030,0.00000000,0.00000000,0.00000000,,,,,,,,,,
18241240,0.07819627,0.06586533,0.00000000,0.00000000,0.00000000,0.00000000,0.00000000,0.26854852,0.00000000,,,,,,,,,,
27181208,0.01469832,0.00000000,0.00000000,0.07348960,0.00000000,0.00000000,0.15020657,0.00000000,0.00000000,,,,,,,,,,
25743000,0.00806768,0.00334728,0.00000000,0.04962179,0.00000000,0.00000000,0.00000000,0.00000000,0.00000000,,,,,,,,,,
447046875,0.05131222,0.00000000,0.00000000,0.00000000,0.00000000,0.00000000,1.00000000,0.00000000,0.00000000,,,,,,,,,,
8015523,0.00079595,0.00000000,0.00000000,0.00836719,0.00000000,0.00000000,0.00000000,0.00000000,0.00000000,,,,,,,,,,
24169680,0.08495232,0.00000000,0.11140761,0.67459117,0.05535931,0.00000000,0.14588866,0.00000000,0.00000000,,,,,,,,,,
38148918,0.00086265,0.00000000,0.00000000,0.00000000,0.00000000,0.00000000,0.01681172,0.00000000,0.00000000,,,,,,,,,,
358638504,0.00251510,0.00000000,0.00000000,0.00000000,0.00000000,0.01186428,0.00000000,0.00000000,0.00000000,,,,,,,,,,
21315665,0.00015074,0.00000000,0.00000000,0.00000000,0.00000000,0.00000000,0.00293766,0.00000000,0.00000000,,,,,,,,,,
94978938,0.00668800,0.00000000,0.00000000,0.07030557,0.00000000,0.00000000,0.00000000,0.00000000,0.00000000,,,,,,,,,,
353633016,0.00894201,0.00000000,0.00000000,0.08729712,0.03208416,0.00000000,0.00000000,0.00000000,0.00000000,,,,,,,,,,
44583978,0.00243331,0.00000000,0.02223138,0.00000000,0.00000000,0.00000000,0.00000000,0.00000000,0.00000000,,,,,,,,,,
106561565,0.00051265,0.00000000,0.00000000,0.00538908,0.00000000,0.00000000,0.00000000,0.00000000,0.00000000,,,,,,,,,,
346092838,0.03510539,0.01136406,0.00000000,0.00000000,0.00000000,0.00000000,0.00000000,0.51704907,0.00000000,,,,,,,,,,
356050257,0.00119307,0.00000000,0.00000000,0.01254178,0.00000000,0.00000000,0.00000000,0.00000000,0.00000000,,,,,,,,,,
10600958,0.00069869,0.00000000,0.00000000,0.00000000,0.00000000,0.00000000,0.01361641,0.00000000,0.00000000,,,,,,,,,,
18383264,0.00204346,0.00000000,0.01866963,0.00000000,0.00000000,0.00000000,0.00000000,0.00000000,0.00000000,,,,,,,,,,
352189129,0.00189160,0.00000000,0.00000000,0.00000000,0.00000000,0.00000000,0.03686455,0.00000000,0.00000000,,,,,,,,,,
151158996,0.03174979,0.00000000,0.04426974,0.07168899,0.00000000,0.00000000,0.39142129,0.00000000,0.00000000,,,,,,,,,,
346020666,0.02018922,0.00000000,0.00732139,0.05319591,0.00000000,0.00000000,0.27922137,0.00000000,0.00000000,,,,,,,,,,
37814629,0.10269825,0.00000000,0.00000000,0.00000000,0.17292372,0.25163826,0.00000000,1.00000000,0.00000000,,,,,,,,,,
352817298,0.04171933,0.00000000,0.31793248,0.07274835,0.00000000,0.00000000,0.00000000,0.00000000,0.00000000,,,,,,,,,,
56001074,0.00921487,0.00000000,0.03029835,0.02763716,0.00000000,0.00000000,0.06371864,0.00000000,0.00000000,,,,,,,,,,
105562330,0.08873645,0.05292360,0.00000000,0.00000000,0.00000000,0.00000000,0.69793984,0.00000000,0.00000000,,,,,,,,,,
69552790,0.00285005,0.00000000,0.00000000,0.00000000,0.00000000,0.00000000,0.05554328,0.00000000,0.00000000,,,,,,,,,,
8438524,0.02136823,0.00000000,0.00000000,0.22462711,0.00000000,0.00000000,0.00000000,0.00000000,0.00000000,,,,,,,,,,
36133055,0.00062739,0.00000000,0.00000000,0.00659529,0.00000000,0.00000000,0.00000000,0.00000000,0.00000000,,,,,,,,,,
39307481,0.00151072,0.00000000,0.00000000,0.00000000,0.00000000,0.00000000,0.02944168,0.00000000,0.00000000,,,,,,,,,,
397896710,0.00037409,0.00000000,0.00000000,0.00000000,0.00000000,0.00000000,0.00729040,0.00000000,0.00000000,,,,,,,,,,
18796172,0.00573430,0.00000000,0.00000000,0.00000000,0.00000000,0.01512569,0.04926358,0.00000000,0.00000000,,,,,,,,,,
11141461,0.01065672,0.00000000,0.00000000,0.00000000,0.00000000,0.05027015,0.00000000,0.00000000,0.00000000,,,,,,,,,,
21135666,0.00336026,0.00000000,0.00000000,0.00000000,0.00000000,0.00000000,0.06548647,0.00000000,0.00000000,,,,,,,,,,
79530569,0.00057208,0.00000000,0.00000000,0.00000000,0.00000000,0.00000000,0.01114906,0.00000000,0.00000000,,,,,,,,,,
346149199,0.00751146,0.00090036,0.00000000,0.02788218,0.02273125,0.00000000,0.06834565,0.00000000,0.00000000,,,,,,,,,,
346774408,0.04210574,0.00000000,0.00000000,0.44262392,0.00000000,0.00000000,0.00000000,0.00000000,0.00000000,,,,,,,,,,
71960561,0.02729133,0.00000000,0.00000000,0.00000000,0.00000000,0.12873938,0.00000000,0.00000000,0.00000000,,,,,,,,,,
65047797,0.00037143,0.00000000,0.00000000,0.00390453,0.00000000,0.00000000,0.00000000,0.00000000,0.00000000,,,,,,,,,,
17859287,0.02974185,0.00000000,0.00000000,0.00000000,0.00000000,0.14029905,0.00000000,0.00000000,0.00000000,,,,,,,,,,
24412371,0.05678303,0.00000000,0.00000000,0.00000000,0.00000000,0.26785839,0.00000000,0.00000000,0.00000000,,,,,,,,,,
13206029,0.15941804,0.15946590,0.00000000,-0.00050316,0.00000000,0.00000000,0.00000000,0.00000000,0.00000000,,,,,,,,,,
1127729591,0.00177146,0.00000000,0.00000000,0.01862198,0.00000000,0.00000000,0.00000000,0.00000000,0.00000000,,,,,,,,,,
13780132,0.03041455,0.00000000,0.00000000,0.00000000,0.00000000,0.00000000,0.59273501,0.00000000,0.00000000,,,,,,,,,,
18059723,0.00189288,0.00000000,0.00000000,0.01989830,0.00000000,0.00000000,0.00000000,0.00000000,0.00000000,,,,,,,,,,
389930331,0.00250684,0.00000000,0.00000000,0.00000000,0.00000000,0.00000000,0.04885467,0.00000000,0.00000000,,,,,,,,,,
7503938,0.00643916,0.00000000,0.00000000,0.00000000,0.00000000,0.00000000,0.12548979,0.00000000,0.00000000,,,,,,,,,,
21287085,0.00010046,0.00000000,0.00000000,0.00000000,0.00000000,0.00000000,0.00195779,0.00000000,0.00000000,,,,,,,,,,
39881452,0.00761619,0.00000000,0.00000000,0.00000000,0.00000000,0.03592731,0.00000000,0.00000000,0.00000000,,,,,,,,,,
234717301,0.00985147,0.00000000,0.00000000,0.06305065,0.00000000,0.00000000,0.07510130,0.00000000,0.00000000,,,,,,,,,,
11403295,0.00060755,0.00000000,0.00000000,0.00638667,0.00000000,0.00000000,0.00000000,0.00000000,0.00000000,,,,,,,,,,
246280,0.11703767,0.00000000,0.00000000,0.00000000,0.00000000,0.55209319,0.00000000,0.00000000,0.00000000,,,,,,,,,,
139198552,0.02556093,0.00000000,0.00000000,0.00000000,0.00000000,0.12057667,0.00000000,0.00000000,0.00000000,,,,,,,,,,
346809098,0.00090117,0.00000000,0.00000000,0.00000000,0.00000000,0.00000000,0.01756239,0.00000000,0.00000000,,,,,,,,,,
355685503,0.00074236,0.00000000,0.00000000,0.00000000,0.00000000,0.00000000,0.01446751,0.00000000,0.00000000,,,,,,,,,,
37863465,0.00072704,0.00000000,0.00000000,0.00000000,0.00000000,0.00000000,0.01416889,0.00000000,0.00000000,,,,,,,,,,
24134375,0.00387943,0.00000000,0.00000000,0.00000000,0.00000000,0.00000000,0.07560451,0.00000000,0.00000000,,,,,,,,,,
31492511,0.00050841,0.00000000,0.00000000,0.00000000,0.00000000,0.00000000,0.00990807,0.00000000,0.00000000,,,,,,,,,,
32080939,0.00057698,0.00000000,0.00000000,0.00000000,0.00000000,0.00272176,0.00000000,0.00000000,0.00000000,,,,,,,,,,
371531285,0.00048651,0.00000000,0.00000000,0.00000000,0.00000000,0.00000000,0.00948139,0.00000000,0.00000000,,,,,,,,,,
353618990,0.00774434,0.00000000,0.00000000,0.00000000,0.00000000,0.00000000,0.15092577,0.00000000,0.00000000,,,,,,,,,,
466915299,0.01505210,0.00000000,0.00000000,0.00000000,0.00000000,0.07100416,0.00000000,0.00000000,0.00000000,,,,,,,,,,
358390175,0.00014457,0.00000000,0.00000000,0.00000000,0.00000000,0.00000000,0.00281748,0.00000000,0.00000000,,,,,,,,,,
49057090,0.00122641,0.00000000,0.00000000,0.00000000,0.00000000,0.00000000,0.02390093,0.00000000,0.00000000,,,,,,,,,,
470768560,0.00252628,0.00000000,0.00544782,0.00896519,0.00000000,0.00000000,0.02099227,0.00000000,0.00000000,,,,,,,,,,
8274594,0.02115310,0.00000000,0.00000000,0.00000000,0.00000000,0.09978396,0.00000000,0.00000000,0.00000000,,,,,,,,,,
36048851,0.00038814,0.00000000,0.00000000,0.00000000,0.00000000,0.00000000,0.00756421,0.00000000,0.00000000,,,,,,,,,,
66504682,0.00037512,0.00000000,0.00000000,0.00000000,0.00000000,0.00000000,0.00731059,0.00000000,0.00000000,,,,,,,,,,
74305092,0.00018093,0.00000000,0.00000000,0.00000000,0.00000000,0.00000000,0.00352608,0.00000000,0.00000000,,,,,,,,,,
353941062,0.00104236,0.00000000,0.00000000,0.00000000,0.00000000,0.00000000,0.02031406,0.00000000,0.00000000,,,,,,,,,,
62637459,0.00221258,0.00000000,0.00000000,0.00000000,0.00000000,0.00000000,0.04311993,0.00000000,0.00000000,,,,,,,,,,
39371338,0.00271406,0.00000000,0.00000000,0.00000000,0.00000000,0.00000000,0.05289310,0.00000000,0.00000000,,,,,,,,,,
25349406,0.00115943,0.00000000,0.00000000,0.00000000,0.00000000,0.00000000,0.02259556,0.00000000,0.00000000,,,,,,,,,,
194675030,0.00230537,0.00000000,0.00000000,0.00000000,0.00000000,0.00000000,0.04492836,0.00000000,0.00000000,,,,,,,,,,
372048755,0.00140182,0.00000000,0.00000000,0.00000000,0.00000000,0.00000000,0.02731940,0.00000000,0.00000000,,,,,,,,,,
31410925,0.00067988,0.00000000,0.00000000,0.00000000,0.00000000,0.00000000,0.01324993,0.00000000,0.00000000,,,,,,,,,,
38147372,0.00037889,0.00000000,0.00000000,0.00000000,0.00000000,0.00000000,0.00738411,0.00000000,0.00000000,,,,,,,,,,
1317781262,0.00898644,0.00000000,0.00000000,0.00000000,0.00000000,0.00000000,0.17513250,0.00000000,0.00000000,,,,,,,,,,
353351969,0.00378632,0.00000000,0.00000000,0.00000000,0.00000000,0.00000000,0.07378977,0.00000000,0.00000000,,,,,,,,,,
40861703,0.00295935,0.00000000,0.00000000,0.00000000,0.00000000,0.00000000,0.05767339,0.00000000,0.00000000,,,,,,,,,,
357451469,0.00413792,0.00000000,0.00000000,0.00000000,0.00000000,0.00000000,0.08064204,0.00000000,0.00000000,,,,,,,,,,
356789339,0.00174355,0.00000000,0.00000000,0.00000000,0.00000000,0.00000000,0.03397921,0.00000000,0.00000000,,,,,,,,,,
60393187,0.00343257,0.00000000,0.00000000,0.00000000,0.00000000,0.00000000,0.06689574,0.00000000,0.00000000,,,,,,,,,,
458078443,0.00275807,0.00000000,0.00000000,0.00000000,0.00000000,0.00000000,0.05375072,0.00000000,0.00000000,,,,,,,,,,
57051791,0.01578786,0.00000000,0.00000000,0.00000000,0.00000000,0.00000000,0.30768224,0.00000000,0.00000000,,,,,,,,,,
356106603,0.00157612,0.00000000,0.00000000,0.00000000,0.00000000,0.00000000,0.03071632,0.00000000,0.00000000,,,,,,,,,,
395433627,0.00105599,0.00000000,0.00000000,0.00000000,0.00000000,0.00000000,0.02057971,0.00000000,0.00000000,,,,,,,,,,
150766024,0.00111740,0.00000000,0.00000000,0.00000000,0.00000000,0.00000000,0.02177645,0.00000000,0.00000000,,,,,,,,,,
409035102,0.00098390,0.00000000,0.00000000,0.00000000,0.00000000,0.00000000,0.01917481,0.00000000,0.00000000,,,,,,,,,,
372121937,0.00060508,0.00000000,0.00000000,0.00000000,0.00000000,0.00000000,0.01179206,0.00000000,0.00000000,,,,,,,,,,
357922436,0.00006871,0.00000000,0.00000000,0.00000000,0.00000000,0.00000000,0.00133910,0.00000000,0.00000000,,,,,,,,,,
3392040,0.00791040,0.00000000,0.00000000,0.00000000,0.00000000,0.00000000,0.15416216,0.00000000,0.00000000,,,,,,,,,,
345602222,0.00068496,0.00000000,0.00000000,0.00000000,0.00000000,0.00000000,0.01334884,0.00000000,0.00000000,,,,,,,,,,
178422500,0.00077631,0.00000000,0.00000000,0.00000000,0.00000000,0.00000000,0.01512924,0.00000000,0.00000000,,,,,,,,,,
129958172,0.00048659,0.00000000,0.00000000,0.00000000,0.00000000,0.00000000,0.00948285,0.00000000,0.00000000,,,,,,,,,,
25231738,0.00142455,0.00000000,0.00000000,0.00000000,0.00000000,0.00000000,0.02776235,0.00000000,0.00000000,,,,,,,,,,
347009068,0.00120051,0.00000000,0.00000000,0.00000000,0.00000000,0.00000000,0.02339625,0.00000000,0.00000000,,,,,,,,,,
352395432,0.00089546,0.00000000,0.00000000,0.00000000,0.00000000,0.00000000,0.01745120,0.00000000,0.00000000,,,,,,,,,,
347800965,0.00586533,0.00000000,0.00000000,0.00000000,0.00000000,0.00000000,0.11430669,0.00000000,0.00000000,,,,,,,,,,
366182431,0.00136484,0.00000000,0.00000000,0.00000000,0.00000000,0.00000000,0.02659865,0.00000000,0.00000000,,,,,,,,,,
355931890,0.00081333,0.00000000,0.00000000,0.00000000,0.00000000,0.00383668,0.00000000,0.00000000,0.00000000,,,,,,,,,,
2080787,0.00048029,0.00000000,0.00000000,0.00000000,0.00000000,0.00000000,0.00936013,0.00000000,0.00000000,,,,,,,,,,
358621663,0.00209823,0.00000000,0.00000000,0.00000000,0.00000000,0.00000000,0.04089145,0.00000000,0.00000000,,,,,,,,,,
57771174,0.00020761,0.00000000,0.00000000,0.00218243,0.00000000,0.00000000,0.00000000,0.00000000,0.00000000,,,,,,,,,,
346578871,0.00037894,0.00037894,0.00000000,0.00000000,0.00000000,0.00000000,0.00000000,0.00000000,0.00000000,,,,,,,,,,
348475378,0.02654901,0.00329861,0.00000000,0.01865449,0.01814329,0.01410547,0.31985734,0.03729484,0.00000000,,,,,,,,,,
354177597,0.00003421,0.00000000,0.00000000,0.00002982,0.00000000,0.00002561,0.00050562,0.00000000,0.00000000,,,,,,,,,,
80200427,0.01235243,0.00000000,0.00000000,0.00000000,0.00000000,0.00000000,0.24073079,0.00000000,0.00000000,,,,,,,,,,
24773537,0.00004542,0.00000000,0.00000000,0.00000000,0.00000000,0.00000000,0.00088513,0.00000000,0.00000000,,,,,,,,,,
72188869,0.00759188,0.00000000,0.00000000,0.00000000,0.00000000,0.00000000,0.14795471,0.00000000,0.00000000,,,,,,,,,,
28117851,0.00004461,0.00000000,0.00040756,0.00000000,0.00000000,0.00000000,0.00000000,0.00000000,0.00000000,,,,,,,,,,
90521896,0.00172196,0.00000000,0.00000000,0.00000000,0.00000000,0.00000000,0.03355841,0.00000000,0.00000000,,,,,,,,,,
25870866,0.00011500,0.00000000,0.00000000,0.00000000,0.00000000,0.00000000,0.00224124,0.00000000,0.00000000,,,,,,,,,,
43076614,0.21198898,0.00000000,0.00000000,0.00000000,0.00000000,1.00000000,0.00000000,0.00000000,0.00000000,,,,,,,,,,
480774295,0.01251359,0.00000000,0.00000000,0.00000000,0.00000000,0.05902945,0.00000000,0.00000000,0.00000000,,,,,,,,,,
346358674,0.00050399,0.00000000,0.00000000,0.00529805,0.00000000,0.00000000,0.00000000,0.00000000,0.00000000,,,,,,,,,,
79696467,0.00147278,0.00000000,0.00000000,0.00000000,0.00000000,0.00000000,0.02870235,0.00000000,0.00000000,,,,,,,,,,
373354741,0.03613041,0.00000000,0.00000000,0.00000000,0.00000000,0.17043533,0.00000000,0.00000000,0.00000000,,,,,,,,,,
52381340,0.00017940,0.00000000,0.00000000,0.00000000,0.00000000,0.00084625,0.00000000,0.00000000,0.00000000,,,,,,,,,,
37491293,0.02262260,0.00000000,0.00000000,0.00000000,0.00000000,0.10671593,0.00000000,0.00000000,0.00000000,,,,,,,,,,
36619444,0.00152076,0.00000000,0.01389409,0.00000000,0.00000000,0.00000000,0.00000000,0.00000000,0.00000000,,,,,,,,,,
392002334,0.00009512,0.00000000,0.00000000,0.00000000,0.00000000,0.00044872,0.00000000,0.00000000,0.00000000,,,,,,,,,,
410916457,0.00002925,0.00002925,0.00000000,0.00000000,0.00000000,0.00000000,0.00000000,0.00000000,0.00000000,,,,,,,,,,
344954226,0.08039893,0.00000000,0.00000000,0.00000000,0.00000000,0.37925997,0.00000000,0.00000000,0.00000000,,,,,,,,,,
32394811,0.09694674,0.00000000,0.00604310,0.77902880,0.16087271,0.00000000,0.36991085,0.00000000,0.00000000,,,,,,,,,,
348827137,0.00020454,0.00000000,0.00000000,0.00000000,0.00000000,0.00000000,0.00398616,0.00000000,0.00000000,,,,,,,,,,
14271049,0.00037449,0.00000000,0.00000000,0.00000000,0.00000000,0.00000000,0.00729835,0.00000000,0.00000000,,,,,,,,,,
20054213,0.03105407,0.00000000,0.00000000,0.00000000,0.00000000,0.14648907,0.00000000,0.00000000,0.00000000,,,,,,,,,,
32278336,0.00020554,0.00000000,0.00000000,0.00000000,0.00000000,0.00000000,0.00400565,0.00000000,0.00000000,,,,,,,,,,
15614775,0.01782837,0.00000000,0.00000000,0.00000000,0.00000000,0.00000000,0.34744892,0.00000000,0.00000000,,,,,,,,,,
408308247,0.00027975,0.00000000,0.00000000,0.00000000,0.00000000,0.00000000,0.00545190,0.00000000,0.00000000,,,,,,,,,,
140853562,0.00017645,0.00000000,0.00000000,0.00000000,0.00000000,0.00000000,0.00343884,0.00000000,0.00000000,,,,,,,,,,
226853350,0.00027228,0.00000000,0.00000000,0.00000000,0.00000000,0.00000000,0.00530635,0.00000000,0.00000000,,,,,,,,,,
31474405,0.00004904,0.00000000,0.00000000,0.00000000,0.00000000,0.00000000,0.00095562,0.00000000,0.00000000,,,,,,,,,,
32866503,0.00190024,0.00000000,0.00000000,0.00000000,0.00000000,0.00896385,0.00000000,0.00000000,0.00000000,,,,,,,,,,
28493683,0.00011564,0.00000000,0.00000000,0.00000000,0.00000000,0.00000000,0.00225370,0.00000000,0.00000000,,,,,,,,,,
33145459,-0.00000541,0.00000000,0.00000000,0.00000000,0.00000000,0.00000000,-0.00010538,0.00000000,0.00000000,,,,,,,,,,
49434552,0.00154285,0.00000000,0.00000000,0.00000000,0.00000000,0.00727799,0.00000000,0.00000000,0.00000000,,,,,,,,,,
352916618,0.00016425,0.00000000,0.00000000,0.00000000,0.00000000,0.00000000,0.00320103,0.00000000,0.00000000,,,,,,,,,,
346089865,0.00017791,0.00000000,0.00000000,0.00000000,0.00000000,0.00000000,0.00346727,0.00000000,0.00000000,,,,,,,,,,
28576240,0.00028974,0.00000000,0.00000000,0.00000000,0.00000000,0.00000000,0.00564661,0.00000000,0.00000000,,,,,,,,,,
415195152,0.00000735,0.00000000,0.00000000,0.00007729,0.00000000,0.00000000,0.00000000,0.00000000,0.00000000,,,,,,,,,,
15844646,0.01296114,0.00000000,0.00000000,0.00000000,0.00000000,0.06114062,0.00000000,0.00000000,0.00000000,,,,,,,,,,
16400573,0.00489179,0.00000000,0.00736805,0.00000000,0.00000000,0.00000000,0.07961702,0.00000000,0.00000000,,,,,,,,,,
44322135,0.00275502,0.00000000,0.01516924,0.00000000,0.05508062,0.00000000,0.00000000,0.00000000,0.00000000,,,,,,,,,,
51071714,0.00006509,0.00000000,0.00000000,0.00000000,0.00000000,0.00000000,0.00126860,0.00000000,0.00000000,,,,,,,,,,
14435162,0.00371987,0.00000000,0.00000000,0.00000000,0.00000000,0.00000000,0.00000000,0.08101306,0.00000000,,,,,,,,,,
67994505,0.00025086,0.00000000,0.00036720,0.00000000,0.00000000,0.00000000,0.00410564,0.00000000,0.00000000,,,,,,,,,,
371606184,0.01726745,0.00000000,0.00000000,0.00000000,0.00000000,0.08145447,0.00000000,0.00000000,0.00000000,,,,,,,,,,
29362080,0.00011715,0.00000000,0.00000000,0.00000000,0.00000000,0.00000000,0.00228313,0.00000000,0.00000000,,,,,,,,,,
20629792,0.00002941,0.00000000,0.00000000,0.00030916,0.00000000,0.00000000,0.00000000,0.00000000,0.00000000,,,,,,,,,,
145228615,0.00031267,0.00000000,0.00000000,0.00000000,0.00000000,0.00000000,0.00609343,0.00000000,0.00000000,,,,,,,,,,
43698125,0.00165265,0.00000000,0.00000000,0.00000000,0.00000000,0.00000000,0.03220765,0.00000000,0.00000000,,,,,,,,,,
562821789,0.01542743,0.00000000,0.00000000,0.00000000,0.00000000,0.00000000,0.30065807,0.00000000,0.00000000,,,,,,,,,,
58609172,0.00007917,0.00000000,0.00000000,0.00000000,0.00000000,0.00000000,0.00154295,0.00000000,0.00000000,,,,,,,,,,
49365767,0.00032654,0.00000000,0.00000000,0.00000000,0.00000000,0.00000000,0.00636373,0.00000000,0.00000000,,,,,,,,,,
370018082,0.00000000,0.00000000,0.00000000,0.00000000,0.00000000,0.00000000,0.00000000,0.00000000,0.00000000,,,,,,,,,,
158711821,0.00187745,0.00000000,0.00000000,0.00000000,0.00000000,0.00885635,0.00000000,0.00000000,0.00000000,,,,,,,,,,
39698486,0.00246305,0.00246305,0.00000000,0.00000000,0.00000000,0.00000000,0.00000000,0.00000000,0.00000000,,,,,,,,,,
359514981,0.00736214,0.00241267,0.00000000,0.01255503,0.00000000,0.00552879,0.02208302,0.03157794,0.00000000,,,,,,,,,,
369209280,0.00061221,0.00000000,0.00124423,0.00192690,0.00986509,0.00022283,0.00000000,0.00107646,0.00000000,,,,,,,,,,
355029860,0.00202466,0.00105418,0.00000000,0.00000000,0.00000000,0.00000000,0.01891314,0.00000000,0.00000000,,,,,,,,,,
346746335,0.00000000,0.00000000,0.00000000,0.00000000,0.00000000,0.00000000,0.00000000,0.00000000,0.00000000,,,,,,,,,,
9306384,0.00067485,0.00000000,0.00000000,0.00709421,0.00000000,0.00000000,0.00000000,0.00000000,0.00000000,,,,,,,,,,
23216845,0.00008469,0.00000000,0.00000000,0.00000000,0.00000000,0.00039948,0.00000000,0.00000000,0.00000000,,,,,,,,,,
170590294,0.00000489,0.00000000,0.00000000,0.00005136,0.00000000,0.00000000,0.00000000,0.00000000,0.00000000,,,,,,,,,,
27463371,0.00016118,0.00000000,0.00000000,0.00169431,0.00000000,0.00000000,0.00000000,0.00000000,0.00000000,,,,,,,,,,
369624203,0.00191759,0.00191759,0.00000000,0.00000000,0.00000000,0.00000000,0.00000000,0.00000000,0.00000000,,,,,,,,,,
12227700,-0.00041618,0.00000000,0.00000000,0.00000000,0.00000000,-0.00196320,0.00000000,0.00000000,0.00000000,,,,,,,,,,
371935086,0.00499404,0.00154775,0.00000000,0.00530074,0.00000000,0.00686372,0.01258452,0.01832150,0.00000000,,,,,,,,,,
12763715,0.00751189,0.00751189,0.00000000,0.00000000,0.00000000,0.00000000,0.00000000,0.00000000,0.00000000,,,,,,,,,,
356937887,0.00137690,0.00000000,0.01257969,0.00000000,0.00000000,0.00000000,0.00000000,0.00000000,0.00000000,,,,,,,,,,
21924655,0.00230360,0.00000000,0.00000000,0.00000000,0.00000000,0.00000000,0.04489377,0.00000000,0.00000000,,,,,,,,,,
354561884,0.00167055,0.00000000,0.01526259,0.00000000,0.00000000,0.00000000,0.00000000,0.00000000,0.00000000,,,,,,,,,,
92242673,0.00040500,0.00040500,0.00000000,0.00000000,0.00000000,0.00000000,0.00000000,0.00000000,0.00000000,,,,,,,,,,
136855787,0.00031127,0.00000000,0.00000000,0.00327212,0.00000000,0.00000000,0.00000000,0.00000000,0.00000000,,,,,,,,,,
63767787,0.00919334,0.00919334,0.00000000,0.00000000,0.00000000,0.00000000,0.00000000,0.00000000,0.00000000,,,,,,,,,,
461264274,0.00000000,0.00000000,0.00000000,0.00000000,0.00000000,0.00000000,0.00000000,0.00000000,0.00000000,,,,,,,,,,
347198798,0.00082557,0.00000000,0.00000000,0.00000000,0.00000000,0.00000000,0.01608918,0.00000000,0.00000000,,,,,,,,,,
346650256,0.00061583,0.00000000,0.00000000,0.00647374,0.00000000,0.00000000,0.00000000,0.00000000,0.00000000,,,,,,,,,,
44241896,0.00504015,0.00504015,0.00000000,0.00000000,0.00000000,0.00000000,0.00000000,0.00000000,0.00000000,,,,,,,,,,
414800196,0.00100222,0.00000000,0.00000000,0.00000000,0.00000000,0.00000000,0.00000000,0.02182681,0.00000000,,,,,,,,,,
405857085,0.00004651,0.00000000,0.00000000,0.00000000,0.00000000,0.00000000,0.00000000,0.00101292,0.00000000,,,,,,,,,,
25217697,0.00354759,0.00000000,0.00000000,0.00000000,0.00000000,0.01673481,0.00000000,0.00000000,0.00000000,,,,,,,,,,
216875381,0.00133987,0.00000000,0.00000000,0.00000000,0.00000000,0.00000000,0.02611203,0.00000000,0.00000000,,,,,,,,,,
41865924,0.00062891,0.00000000,0.00000000,0.00000000,0.00000000,0.00000000,0.01225646,0.00000000,0.00000000,,,,,,,,,,
398108650,0.00115034,0.00115034,0.00000000,0.00000000,0.00000000,0.00000000,0.00000000,0.00000000,0.00000000,,,,,,,,,,
76170856,0.00539895,0.00000000,0.03487822,0.00434698,0.02036790,0.00000000,0.01487119,0.00000000,0.00000000,,,,,,,,,,
348419347,0.00587902,0.00587902,0.00000000,0.00000000,0.00000000,0.00000000,0.00000000,0.00000000,0.00000000,,,,,,,,,,
365413893,0.00126262,0.00126262,0.00000000,0.00000000,0.00000000,0.00000000,0.00000000,0.00000000,0.00000000,,,,,,,,,,
6980502,0.00058426,0.00000000,0.00000000,0.00614183,0.00000000,0.00000000,0.00000000,0.00000000,0.00000000,,,,,,,,,,
345103690,0.00336293,0.00336293,0.00000000,0.00000000,0.00000000,0.00000000,0.00000000,0.00000000,0.00000000,,,,,,,,,,
374926591,0.00068939,0.00000000,0.00000000,0.00000000,0.00000000,0.00325200,0.00000000,0.00000000,0.00000000,,,,,,,,,,
440804842,0.00195706,0.00195706,0.00000000,0.00000000,0.00000000,0.00000000,0.00000000,0.00000000,0.00000000,,,,,,,,,,
24937986,0.00450246,0.00000000,0.00000000,0.00000000,0.00000000,0.00000000,0.08774638,0.00000000,0.00000000,,,,,,,,,,
357395597,0.00053278,0.00014073,0.00000000,0.00104552,0.00403852,0.00078358,0.00090072,0.00000000,0.00000000,,,,,,,,,,
2048323,0.00041130,0.00041130,0.00000000,0.00000000,0.00000000,0.00000000,0.00000000,0.00000000,0.00000000,,,,,,,,,,
57134512,0.00926453,0.00926453,0.00000000,0.00000000,0.00000000,0.00000000,0.00000000,0.00000000,0.00000000,,,,,,,,,,
2555990,0.02716998,0.00000000,0.00000000,0.00000000,0.00000000,0.12816695,0.00000000,0.00000000,0.00000000,,,,,,,,,,
351170319,0.00042934,0.00000000,0.00000000,0.00000000,0.00000000,0.00000000,0.00000000,0.00935044,0.00000000,,,,,,,,,,
51825759,0.00042585,0.00000000,0.00000000,0.00000000,0.00000000,0.00000000,0.00829928,0.00000000,0.00000000,,,,,,,,,,
350944369,0.00126810,0.00000000,0.00000000,0.00000000,0.00000000,0.00598192,0.00000000,0.00000000,0.00000000,,,,,,,,,,
1264858,0.00034195,0.00000000,0.00000000,0.00000000,0.00000000,0.00000000,0.00000000,0.00744705,0.00000000,,,,,,,,,,
363458278,0.00014596,0.00000000,0.00000000,0.00000000,0.00000000,0.00000000,0.00284456,0.00000000,0.00000000,,,,,,,,,,
354474492,0.00180383,0.00000000,0.00000000,0.00000000,0.00000000,0.00000000,0.03515408,0.00000000,0.00000000,,,,,,,,,,
346804740,0.00032046,0.00000000,0.00000000,0.00000000,0.00000000,0.00000000,0.00000000,0.00697911,0.00000000,,,,,,,,,,
348058664,0.00115260,0.00000000,0.00000000,0.00000000,0.00000000,0.00543708,0.00000000,0.00000000,0.00000000,,,,,,,,,,
120571151,0.00068541,0.00000000,0.00000000,0.00000000,0.00000000,0.00000000,0.01335771,0.00000000,0.00000000,,,,,,,,,,
32605765,0.00741480,0.00000000,0.00000000,0.00000000,0.00000000,0.03497730,0.00000000,0.00000000,0.00000000,,,,,,,,,,
474232922,0.00020533,0.00020533,0.00000000,0.00000000,0.00000000,0.00000000,0.00000000,0.00000000,0.00000000,,,,,,,,,,
6178232,0.00089636,0.00000000,0.00000000,0.00000000,0.00000000,0.00000000,0.01746876,0.00000000,0.00000000,,,,,,,,,,
372175531,0.00144006,0.00000000,0.01315675,0.00000000,0.00000000,0.00000000,0.00000000,0.00000000,0.00000000,,,,,,,,,,
84607197,0.00129793,0.00000000,0.00000000,0.00000000,0.00000000,0.00000000,0.02529478,0.00000000,0.00000000,,,,,,,,,,
462258491,0.00089319,0.00000000,0.00000000,0.00000000,0.00000000,0.00421337,0.00000000,0.00000000,0.00000000,,,,,,,,,,
344387689,0.00139036,0.00000000,0.00000000,0.00000000,0.00000000,0.00655865,0.00000000,0.00000000,0.00000000,,,,,,,,,,
348300816,0.00085504,0.00000000,0.00000000,0.00000000,0.00000000,0.00000000,0.01666354,0.00000000,0.00000000,,,,,,,,,,
398171175,0.00106249,0.00000000,0.00000000,0.01116909,0.00000000,0.00000000,0.00000000,0.00000000,0.00000000,,,,,,,,,,
57362921,0.00117195,0.00117195,0.00000000,0.00000000,0.00000000,0.00000000,0.00000000,0.00000000,0.00000000,,,,,,,,,,
37966124,0.00090409,0.00090409,0.00000000,0.00000000,0.00000000,0.00000000,0.00000000,0.00000000,0.00000000,,,,,,,,,,
398051213,0.00140283,0.00000000,0.00000000,0.00000000,0.00000000,0.00661749,0.00000000,0.00000000,0.00000000,,,,,,,,,,
368288784,0.00149266,0.00000000,0.00000000,0.00000000,0.01735274,0.00000000,0.02236866,0.00000000,0.00000000,,,,,,,,,,
41341781,0.00616475,0.00000000,0.00000000,0.00000000,0.00000000,0.00000000,0.12014200,0.00000000,0.00000000,,,,,,,,,,
76480699,0.00183981,0.00000000,0.00000000,0.00000000,0.00000000,0.00000000,0.03585515,0.00000000,0.00000000,,,,,,,,,,
371692234,0.00288623,0.00288623,0.00000000,0.00000000,0.00000000,0.00000000,0.00000000,0.00000000,0.00000000,,,,,,,,,,
348311456,0.00151203,0.00151203,0.00000000,0.00000000,0.00000000,0.00000000,0.00000000,0.00000000,0.00000000,,,,,,,,,,
437199885,0.00054257,0.00054257,0.00000000,0.00000000,0.00000000,0.00000000,0.00000000,0.00000000,0.00000000,,,,,,,,,,
346379643,0.00203319,0.00000000,0.00000000,0.00000000,0.00000000,0.00959101,0.00000000,0.00000000,0.00000000,,,,,,,,,,
351173455,0.00484065,0.00286116,0.00000000,0.00000000,0.00000000,0.00000000,0.00000000,0.04311030,0.00000000,,,,,,,,,,
123339544,0.00089908,0.00000000,0.00000000,0.00000000,0.00000000,0.00000000,0.01752174,0.00000000,0.00000000,,,,,,,,,,
12289902,0.00399830,0.00000000,0.01798071,0.00000000,0.00000000,0.00000000,0.03956643,0.00000000,0.00000000,,,,,,,,,,
396037566,0.00127966,0.00127966,0.00000000,0.00000000,0.00000000,0.00000000,0.00000000,0.00000000,0.00000000,,,,,,,,,,
68420924,0.00542576,0.00000000,0.00000000,0.00000000,0.00000000,0.00000000,0.10574017,0.00000000,0.00000000,,,,,,,,,,
24775647,0.00100004,0.00000000,0.00000000,0.01051257,0.00000000,0.00000000,0.00000000,0.00000000,0.00000000,,,,,,,,,,
27164812,0.00057171,0.00057171,0.00000000,0.00000000,0.00000000,0.00000000,0.00000000,0.00000000,0.00000000,,,,,,,,,,
356024043,0.00093583,0.00000000,0.00000000,0.00000000,0.00000000,0.00441451,0.00000000,0.00000000,0.00000000,,,,,,,,,,
19533039,0.00081766,0.00000000,0.00000000,0.00859540,0.00000000,0.00000000,0.00000000,0.00000000,0.00000000,,,,,,,,,,
353406915,0.02712324,0.02712324,0.00000000,0.00000000,0.00000000,0.00000000,0.00000000,0.00000000,0.00000000,,,,,,,,,,
449909523,0.00239110,0.00239110,0.00000000,0.00000000,0.00000000,0.00000000,0.00000000,0.00000000,0.00000000,,,,,,,,,,
481308494,0.00062949,0.00062949,0.00000000,0.00000000,0.00000000,0.00000000,0.00000000,0.00000000,0.00000000,,,,,,,,,,
25809605,0.00070180,0.00000000,0.00000000,0.00000000,0.00000000,0.00000000,0.01367698,0.00000000,0.00000000,,,,,,,,,,
115523808,0.00057460,0.00057460,0.00000000,0.00000000,0.00000000,0.00000000,0.00000000,0.00000000,0.00000000,,,,,,,,,,
19663501,0.00358139,0.00358139,0.00000000,0.00000000,0.00000000,0.00000000,0.00000000,0.00000000,0.00000000,,,,,,,,,,
350909960,0.00200965,0.00131881,0.00631170,0.00000000,0.00000000,0.00000000,0.00000000,0.00000000,0.00000000,,,,,,,,,,
28426904,0.00098649,0.00098649,0.00000000,0.00000000,0.00000000,0.00000000,0.00000000,0.00000000,0.00000000,,,,,,,,,,
358583767,0.01520550,0.00000000,0.00000000,0.00000000,0.00000000,0.07172780,0.00000000,0.00000000,0.00000000,,,,,,,,,,
3261240,0.00124471,0.00124471,0.00000000,0.00000000,0.00000000,0.00000000,0.00000000,0.00000000,0.00000000,,,,,,,,,,
24133826,0.00081137,0.00000000,0.00000000,0.00000000,0.00000000,0.00000000,0.01581235,0.00000000,0.00000000,,,,,,,,,,
482494619,0.00112189,0.00000000,0.00000000,0.00000000,0.00000000,0.00000000,0.02186405,0.00000000,0.00000000,,,,,,,,,,
43008620,0.00387148,0.00387148,0.00000000,0.00000000,0.00000000,0.00000000,0.00000000,0.00000000,0.00000000,,,,,,,,,,
58411156,0.00645490,0.00000000,0.00000000,0.02192972,0.05652154,0.00000000,0.02868809,0.03862186,0.00000000,,,,,,,,,,
397525154,0.00269405,0.00234015,0.00194801,0.00000000,0.00707817,0.00000000,0.00000000,0.00000000,0.00000000,,,,,,,,,,
137150662,0.00064337,0.00000000,0.00000000,0.00000000,0.00000000,0.00000000,0.01253827,0.00000000,0.00000000,,,,,,,,,,
23202721,0.00037132,0.00037132,0.00000000,0.00000000,0.00000000,0.00000000,0.00000000,0.00000000,0.00000000,,,,,,,,,,
480576863,0.00030900,0.00030900,0.00000000,0.00000000,0.00000000,0.00000000,0.00000000,0.00000000,0.00000000,,,,,,,,,,
12880807,0.00006995,0.00000000,0.00000000,0.00000000,0.00000000,0.00032998,0.00000000,0.00000000,0.00000000,,,,,,,,,,
346032199,0.00136067,0.00000000,0.00000000,0.00578174,0.00000000,0.00000000,0.01579875,0.00000000,0.00000000,,,,,,,,,,
343741499,0.00104287,0.00000000,0.00000000,0.00000000,0.00000000,0.00491945,0.00000000,0.00000000,0.00000000,,,,,,,,,,
53350801,0.00061383,0.00000000,0.00000000,0.00654416,-0.00043794,0.00000000,0.00000000,0.00000000,0.00000000,,,,,,,,,,
348481318,0.00078244,0.00000000,0.00714859,0.00000000,0.00000000,0.00000000,0.00000000,0.00000000,0.00000000,,,,,,,,,,
36291411,0.00066448,0.00000000,0.00000000,0.00698510,0.00000000,0.00000000,0.00000000,0.00000000,0.00000000,,,,,,,,,,
347952499,0.00032646,0.00000000,0.00000000,0.00000000,0.00000000,0.00000000,0.00000000,0.00710969,0.00000000,,,,,,,,,,
348430186,0.01214761,0.00003303,0.00000000,0.06372004,0.00000000,0.00000000,0.11796492,0.00000000,0.00000000,,,,,,,,,,
28282752,0.00135662,0.00000000,0.00538588,0.00000000,0.00000000,0.00000000,0.01494985,0.00000000,0.00000000,,,,,,,,,,
358761696,0.00171847,0.00000000,0.00000000,0.00000000,0.00000000,0.00810641,0.00000000,0.00000000,0.00000000,,,,,,,,,,
371647623,0.00565412,0.00000000,0.00000000,0.00000000,0.00000000,0.02667175,0.00000000,0.00000000,0.00000000,,,,,,,,,,
353889664,0.00219669,0.00000000,0.00000000,0.00000000,0.00000000,0.01036230,0.00000000,0.00000000,0.00000000,,,,,,,,,,
346556803,0.00225838,0.00000000,0.00000000,0.02374051,0.00000000,0.00000000,0.00000000,0.00000000,0.00000000,,,,,,,,,,
363774838,0.00012737,0.00000000,0.00000000,0.00133894,0.00000000,0.00000000,0.00000000,0.00000000,0.00000000,,,,,,,,,,
34275650,0.00034537,0.00000000,0.00000000,0.00000000,0.00000000,0.00000000,0.00673074,0.00000000,0.00000000,,,,,,,,,,
27755030,0.00552348,0.00000000,0.00000000,0.05806394,0.00000000,0.00000000,0.00000000,0.00000000,0.00000000,,,,,,,,,,
565950497,0.00492062,0.00239083,0.00000000,0.00000000,0.00000000,0.00000000,0.04930188,0.00000000,0.00000000,,,,,,,,,,
470677993,0.00054014,0.00000000,0.00000000,0.00000000,0.00000000,0.00000000,0.00000000,0.01176342,0.00000000,,,,,,,,,,
57820617,0.00122419,0.00000000,0.00746626,0.00000000,0.02047769,0.00000000,0.00000000,0.00000000,0.00000000,,,,,,,,,,
75532567,0.00061560,0.00000000,0.00000000,0.00000000,0.00000000,0.00290392,0.00000000,0.00000000,0.00000000,,,,,,,,,,
348444916,0.00052008,0.00052008,0.00000000,0.00000000,0.00000000,0.00000000,0.00000000,0.00000000,0.00000000,,,,,,,,,,
441325878,0.00037416,0.00000000,0.00000000,0.00000000,0.00000000,0.00000000,0.00000000,0.00814853,0.00000000,,,,,,,,,,
22023446,0.00000000,0.00000000,0.00000000,0.00000000,0.00000000,0.00000000,0.00000000,0.00000000,0.00000000,,,,,,,,,,
543403,0.00000000,0.00000000,0.00000000,0.00000000,0.00000000,0.00000000,0.00000000,0.00000000,0.00000000,,,,,,,,,,
347508846,0.00007376,0.00000000,0.00000000,0.00000000,0.00000000,0.00034794,0.00000000,0.00000000,0.00000000,,,,,,,,,,
24483219,0.00024296,0.00000000,0.00000000,0.00000000,0.00000000,0.00114611,0.00000000,0.00000000,0.00000000,,,,,,,,,,
346097446,0.00051522,0.00000000,0.00000000,0.00000000,0.00000000,0.00243042,0.00000000,0.00000000,0.00000000,,,,,,,,,,
454881960,0.00840312,0.00000000,0.00000000,0.00000000,0.00000000,0.03963941,0.00000000,0.00000000,0.00000000,,,,,,,,,,
77433315,0.00062111,0.00000000,0.00000000,0.00000000,0.00000000,0.00292989,0.00000000,0.00000000,0.00000000,,,,,,,,,,
12406280,0.00000000,0.00000000,0.00000000,0.00000000,0.00000000,0.00000000,0.00000000,0.00000000,0.00000000,,,,,,,,,,
74532025,0.00032793,0.00000000,0.00000000,0.00000000,0.00000000,0.00154690,0.00000000,0.00000000,0.00000000,,,,,,,,,,
116244586,0.00065610,0.00000000,0.00000000,0.00000000,0.00000000,0.00309497,0.00000000,0.00000000,0.00000000,,,,,,,,,,
412533,0.00000000,0.00000000,0.00000000,0.00000000,0.00000000,0.00000000,0.00000000,0.00000000,0.00000000,,,,,,,,,,
371675169,0.00180139,0.00000000,0.00000000,0.00000000,0.00000000,0.00849757,0.00000000,0.00000000,0.00000000,,,,,,,,,,
18387187,0.00000000,0.00000000,0.00000000,0.00000000,0.00000000,0.00000000,0.00000000,0.00000000,0.00000000,,,,,,,,,,
358220337,0.00363610,0.00000000,0.00000000,0.00000000,0.00000000,0.01715231,0.00000000,0.00000000,0.00000000,,,,,,,,,,
22774633,0.00000000,0.00000000,0.00000000,0.00000000,0.00000000,0.00000000,0.00000000,0.00000000,0.00000000,,,,,,,,,,
356795454,0.00042586,0.00000000,0.00000000,0.00000000,0.00000000,0.00200889,0.00000000,0.00000000,0.00000000,,,,,,,,,,
356103192,0.00089852,0.00000000,0.00000000,0.00000000,0.00000000,0.00423853,0.00000000,0.00000000,0.00000000,,,,,,,,,,
20467876,0.00215524,0.00000000,0.00000000,0.00000000,0.00000000,0.01016677,0.00000000,0.00000000,0.00000000,,,,,,,,,,
48301568,0.00023020,0.00000000,0.00000000,0.00000000,0.00000000,0.00108590,0.00000000,0.00000000,0.00000000,,,,,,,,,,
15974669,0.00082052,0.00000000,0.00000000,0.00000000,0.00000000,0.00387058,0.00000000,0.00000000,0.00000000,,,,,,,,,,
16061373,0.00065889,0.00000000,0.00000000,0.00000000,0.00000000,0.00310814,0.00000000,0.00000000,0.00000000,,,,,,,,,,
54349714,0.00301719,0.00000000,0.00000000,0.00000000,0.00000000,0.01423275,0.00000000,0.00000000,0.00000000,,,,,,,,,,
92095275,0.00032882,0.00000000,0.00000000,0.00000000,0.00000000,0.00155111,0.00000000,0.00000000,0.00000000,,,,,,,,,,
4595783,0.00021826,0.00000000,0.00000000,0.00000000,0.00000000,0.00102958,0.00000000,0.00000000,0.00000000,,,,,,,,,,
347472312,0.00000000,0.00000000,0.00000000,0.00000000,0.00000000,0.00000000,0.00000000,0.00000000,0.00000000,,,,,,,,,,
58231616,0.00000000,0.00000000,0.00000000,0.00000000,0.00000000,0.00000000,0.00000000,0.00000000,0.00000000,,,,,,,,,,
68799582,0.00520486,0.00000000,0.00000000,0.00000000,0.00000000,0.02455252,0.00000000,0.00000000,0.00000000,,,,,,,,,,
344958910,0.00015154,0.00000000,0.00000000,0.00000000,0.00000000,0.00071483,0.00000000,0.00000000,0.00000000,,,,,,,,,,
77939460,0.00674657,0.00000000,0.00000000,0.00000000,0.00000000,0.03182512,0.00000000,0.00000000,0.00000000,,,,,,,,,,
351252790,0.00015950,0.00000000,0.00000000,0.00000000,0.00000000,0.00075242,0.00000000,0.00000000,0.00000000,,,,,,,,,,
86377563,0.00000000,0.00000000,0.00000000,0.00000000,0.00000000,0.00000000,0.00000000,0.00000000,0.00000000,,,,,,,,,,
346496272,0.00192799,0.00000000,0.00000000,0.00000000,0.00000000,0.00909476,0.00000000,0.00000000,0.00000000,,,,,,,,,,
223642063,0.00000000,0.00000000,0.00000000,0.00000000,0.00000000,0.00000000,0.00000000,0.00000000,0.00000000,,,,,,,,,,
30540911,0.00018282,0.00000000,0.00000000,0.00000000,0.00000000,0.00086240,0.00000000,0.00000000,0.00000000,,,,,,,,,,
27577209,0.00181663,0.00000000,0.00000000,0.00000000,0.00000000,0.00856945,0.00000000,0.00000000,0.00000000,,,,,,,,,,
124076072,0.00184353,0.00000000,0.00000000,0.00000000,0.00000000,0.00869633,0.00000000,0.00000000,0.00000000,,,,,,,,,,
346699408,0.00233431,0.00000000,0.00000000,0.00000000,0.00000000,0.01101149,0.00000000,0.00000000,0.00000000,,,,,,,,,,
76301059,0.00079624,0.00000000,0.00000000,0.00000000,0.00000000,0.00375605,0.00000000,0.00000000,0.00000000,,,,,,,,,,
355658402,0.00041405,0.00000000,0.00000000,0.00000000,0.00000000,0.00195314,0.00000000,0.00000000,0.00000000,,,,,,,,,,
26838309,0.00025438,0.00000000,0.00000000,0.00000000,0.00000000,0.00119997,0.00000000,0.00000000,0.00000000,,,,,,,,,,
76942564,0.00095048,0.00000000,0.00000000,0.00000000,0.00000000,0.00448362,0.00000000,0.00000000,0.00000000,,,,,,,,,,
26169314,0.00371741,0.00000000,0.00000000,0.00000000,0.00000000,0.01753587,0.00000000,0.00000000,0.00000000,,,,,,,,,,
480086,0.00093806,0.00000000,0.00000000,0.00000000,0.00000000,0.00442505,0.00000000,0.00000000,0.00000000,,,,,,,,,,
25346393,0.00899341,0.00000000,0.00000000,0.00000000,0.00000000,0.04242395,0.00000000,0.00000000,0.00000000,,,,,,,,,,
345500334,0.00097684,0.00000000,0.00000000,0.00000000,0.00000000,0.00460799,0.00000000,0.00000000,0.00000000,,,,,,,,,,
83740613,0.00599943,0.00000000,0.00000000,0.00000000,0.00000000,0.02830065,0.00000000,0.00000000,0.00000000,,,,,,,,,,
344812937,0.00000000,0.00000000,0.00000000,0.00000000,0.00000000,0.00000000,0.00000000,0.00000000,0.00000000,,,,,,,,,,
352939663,0.00018892,0.00000000,0.00000000,0.00000000,0.00000000,0.00089118,0.00000000,0.00000000,0.00000000,,,,,,,,,,
8306975,0.00040280,0.00000000,0.00000000,0.00000000,0.00000000,0.00190011,0.00000000,0.00000000,0.00000000,,,,,,,,,,
26907000,0.00038544,0.00000000,0.00000000,0.00000000,0.00000000,0.00181822,0.00000000,0.00000000,0.00000000,,,,,,,,,,
62570976,0.00068121,0.00000000,0.00000000,0.00000000,0.00000000,0.00321342,0.00000000,0.00000000,0.00000000,,,,,,,,,,
94489027,0.00194713,0.00000000,0.00000000,0.00000000,0.00000000,0.00918504,0.00000000,0.00000000,0.00000000,,,,,,,,,,
343557306,0.00344158,0.00000000,0.00000000,0.00000000,0.00000000,0.01623473,0.00000000,0.00000000,0.00000000,,,,,,,,,,
60558040,0.00249135,0.00000000,0.00000000,0.00000000,0.00000000,0.01175228,0.00000000,0.00000000,0.00000000,,,,,,,,,,
28262557,0.02675574,0.00000000,0.00000000,0.00000000,0.00000000,0.12621288,0.00000000,0.00000000,0.00000000,,,,,,,,,,
65783291,0.00282501,0.00000000,0.00000000,0.00000000,0.00000000,0.01332623,0.00000000,0.00000000,0.00000000,,,,,,,,,,
346591681,0.00094525,0.00000000,0.00000000,0.00000000,0.00000000,0.00445894,0.00000000,0.00000000,0.00000000,,,,,,,,,,
346375656,0.00090453,0.00000000,0.00000000,0.00000000,0.00000000,0.00426685,0.00000000,0.00000000,0.00000000,,,,,,,,,,
63488674,0.00189146,0.00000000,0.00000000,0.00000000,0.00000000,0.00892246,0.00000000,0.00000000,0.00000000,,,,,,,,,,
70173366,0.01661800,0.00000000,0.00000000,0.00000000,0.00000000,0.07839089,0.00000000,0.00000000,0.00000000,,,,,,,,,,
356048467,0.00128727,0.00000000,0.00000000,0.00000000,0.00000000,0.00607235,0.00000000,0.00000000,0.00000000,,,,,,,,,,
102056039,0.00761936,0.00000000,0.00000000,0.00000000,0.00000000,0.03594225,0.00000000,0.00000000,0.00000000,,,,,,,,,,
42975513,0.00069225,0.00000000,0.00000000,0.00000000,0.00000000,0.00326549,0.00000000,0.00000000,0.00000000,,,,,,,,,,
52598232,0.01037429,0.00000000,0.00000000,0.00000000,0.00000000,0.04893786,0.00000000,0.00000000,0.00000000,,,,,,,,,,
357078909,0.00718284,0.00000000,0.00000000,0.00000000,0.00000000,0.03388308,0.00000000,0.00000000,0.00000000,,,,,,,,,,
130089420,0.00076684,0.00000000,0.00000000,0.00000000,0.00000000,0.00361734,0.00000000,0.00000000,0.00000000,,,,,,,,,,
75727810,0.00029490,0.00000000,0.00000000,0.00000000,0.00000000,0.00139113,0.00000000,0.00000000,0.00000000,,,,,,,,,,
363592558,0.00078710,0.00000000,0.00000000,0.00000000,0.00000000,0.00371295,0.00000000,0.00000000,0.00000000,,,,,,,,,,
57033934,0.00108096,0.00000000,0.00000000,0.00000000,0.00000000,0.00509916,0.00000000,0.00000000,0.00000000,,,,,,,,,,
50975877,0.00069172,0.00000000,0.00000000,0.00000000,0.00000000,0.00000000,0.01348069,0.00000000,0.00000000,,,,,,,,,,
352408768,0.00065533,0.00065533,0.00000000,0.00000000,0.00000000,0.00000000,0.00000000,0.00000000,0.00000000,,,,,,,,,,
401877622,0.00073859,0.00000000,0.00000000,0.00000000,0.00000000,0.00000000,0.01439405,0.00000000,0.00000000,,,,,,,,,,
2361221,0.00036758,0.00000000,0.00000000,0.00386410,0.00000000,0.00000000,0.00000000,0.00000000,0.00000000,,,,,,,,,,
1240158733,0.00034283,0.00034283,0.00000000,0.00000000,0.00000000,0.00000000,0.00000000,0.00000000,0.00000000,,,,,,,,,,
394588923,0.00991095,0.00991095,0.00000000,0.00000000,0.00000000,0.00000000,0.00000000,0.00000000,0.00000000,,,,,,,,,,
359349490,0.00110471,0.00000000,0.00000000,0.00000000,0.00000000,0.00000000,0.02152921,0.00000000,0.00000000,,,,,,,,,,
89440718,0.02245657,0.00000000,0.00000000,0.23115328,0.00000000,0.00000000,0.00000000,0.01018181,0.00000000,,,,,,,,,,
348863966,0.00029647,0.00029647,0.00000000,0.00000000,0.00000000,0.00000000,0.00000000,0.00000000,0.00000000,,,,,,,,,,
368816466,0.00138252,0.00000000,0.00000000,0.00000000,0.00000000,0.00000000,0.02694320,0.00000000,0.00000000,,,,,,,,,,
347030984,0.00060029,0.00060029,0.00000000,0.00000000,0.00000000,0.00000000,0.00000000,0.00000000,0.00000000,,,,,,,,,,
372021714,0.00045817,0.00000000,0.00418598,0.00000000,0.00000000,0.00000000,0.00000000,0.00000000,0.00000000,,,,,,,,,,
345981134,0.00205327,0.00000000,0.00000000,0.00000000,0.00000000,0.00000000,0.04001520,0.00000000,0.00000000,,,,,,,,,,
506751771,0.00101833,0.00000000,0.00000000,0.00364436,0.00000000,0.00000000,0.01308944,0.00000000,0.00000000,,,,,,,,,,
347008324,0.00074653,0.00000000,0.00682051,0.00000000,0.00000000,0.00000000,0.00000000,0.00000000,0.00000000,,,,,,,,,,
348467966,0.00050384,0.00000000,0.00460323,0.00000000,0.00000000,0.00000000,0.00000000,0.00000000,0.00000000,,,,,,,,,,
73155981,0.00070116,0.00000000,0.00640595,0.00000000,0.00000000,0.00000000,0.00000000,0.00000000,0.00000000,,,,,,,,,,
355569639,0.00026174,0.00026174,0.00000000,0.00000000,0.00000000,0.00000000,0.00000000,0.00000000,0.00000000,,,,,,,,,,
82870547,0.00038402,0.00000000,0.00000000,0.00000000,0.01932251,0.00000000,0.00000000,0.00000000,0.00000000,,,,,,,,,,
358003084,0.01538930,0.01538930,0.00000000,0.00000000,0.00000000,0.00000000,0.00000000,0.00000000,0.00000000,,,,,,,,,,
347178112,0.00051921,0.00000000,0.00000000,0.00000000,0.00000000,0.00000000,0.01011858,0.00000000,0.00000000,,,,,,,,,,
359223403,0.00527710,0.00000000,0.00000000,0.00000000,0.26552391,0.00000000,0.00000000,0.00000000,0.00000000,,,,,,,,,,
70863678,0.00428809,0.00000000,0.00000000,0.00000000,0.21576060,0.00000000,0.00000000,0.00000000,0.00000000,,,,,,,,,,
98207942,0.00139241,0.00000000,0.00000000,0.00000000,0.07006086,0.00000000,0.00000000,0.00000000,0.00000000,,,,,,,,,,
17615875,0.00142272,0.00000000,0.00000000,0.00000000,0.07158584,0.00000000,0.00000000,0.00000000,0.00000000,,,,,,,,,,
44550034,0.00904941,0.00000000,0.00000000,0.00000000,0.45533206,0.00000000,0.00000000,0.00000000,0.00000000,,,,,,,,,,
82723618,0.00276765,0.00000000,0.00000000,0.00000000,0.13925793,0.00000000,0.00000000,0.00000000,0.00000000,,,,,,,,,,
536415819,0.00101216,0.00000000,0.00000000,0.00000000,0.05092820,0.00000000,0.00000000,0.00000000,0.00000000,,,,,,,,,,
2245058,0.00593192,0.00000000,0.00000000,0.05844896,0.01870798,0.00000000,0.00000000,0.00000000,0.00000000,,,,,,,,,,
363056213,0.00091381,0.00091381,0.00000000,0.00000000,0.00000000,0.00000000,0.00000000,0.00000000,0.00000000,,,,,,,,,,
6966462,0.00116121,0.00000000,0.00000000,0.00000000,0.00000000,0.00000000,0.02263020,0.00000000,0.00000000,,,,,,,,,,
11452565,0.00961687,0.00000000,0.04831380,0.00000000,0.00000000,0.00000000,0.08436065,0.00000000,0.00000000,,,,,,,,,,
77906104,0.00100896,0.00000000,0.00000000,0.00000000,0.05076699,0.00000000,0.00000000,0.00000000,0.00000000,,,,,,,,,,
56674217,0.00059899,0.00000000,0.00000000,0.00000000,0.03013891,0.00000000,0.00000000,0.00000000,0.00000000,,,,,,,,,,
460881659,0.00525899,0.00525899,0.00000000,0.00000000,0.00000000,0.00000000,0.00000000,0.00000000,0.00000000,,,,,,,,,,
447130713,0.00157531,0.00000000,0.00000000,0.00000000,0.00000000,0.00000000,0.03070045,0.00000000,0.00000000,,,,,,,,,,
453676709,0.00157663,0.00000000,0.00000000,0.00000000,0.00000000,0.00000000,0.03072619,0.00000000,0.00000000,,,,,,,,,,
467892160,0.00066545,0.00000000,0.00000000,0.00699532,0.00000000,0.00000000,0.00000000,0.00000000,0.00000000,,,,,,,,,,
451918680,0.00079302,0.00000000,0.00000000,0.00000000,0.00000000,0.00374086,0.00000000,0.00000000,0.00000000,,,,,,,,,,
31014926,0.00211103,0.00000000,0.00000000,0.00000000,0.00000000,0.00000000,0.00000000,0.00000000,1.00000000,,,,,,,,,,
348438626,0.00027061,0.00000000,0.00000000,0.00000000,0.00000000,0.00000000,0.00527380,0.00000000,0.00000000,,,,,,,,,,
476945547,0.00068004,0.00000000,0.00000000,0.00714872,0.00000000,0.00000000,0.00000000,0.00000000,0.00000000,,,,,,,,,,
411058086,0.00017489,0.00000000,0.00000000,0.00000000,0.00000000,0.00000000,0.00340835,0.00000000,0.00000000,,,,,,,,,,
398329953,0.00774899,0.00774899,0.00000000,0.00000000,0.00000000,0.00000000,0.00000000,0.00000000,0.00000000,,,,,,,,,,
483170823,0.00056273,0.00000000,0.00104692,0.00000000,0.00000000,0.00000000,0.00873368,0.00000000,0.00000000,,,,,,,,,,
347313592,0.00026481,0.00026481,0.00000000,0.00000000,0.00000000,0.00000000,0.00000000,0.00000000,0.00000000,,,,,,,,,,
7506597,0.00094610,0.00000000,0.00000000,0.00000000,0.00000000,0.00446298,0.00000000,0.00000000,0.00000000,,,,,,,,,,
452602465,0.00048016,0.00000000,0.00000000,0.00000000,0.00000000,0.00000000,0.00935752,0.00000000,0.00000000,,,,,,,,,,
372130846,0.00297994,0.00000000,0.00000000,0.03132567,0.00000000,0.00000000,0.00000000,0.00000000,0.00000000,,,,,,,,,,
12239860,0.00095871,0.00095871,0.00000000,0.00000000,0.00000000,0.00000000,0.00000000,0.00000000,0.00000000,,,,,,,,,,
477638683,0.00257483,0.00000000,0.00000000,0.00000000,0.00000000,0.01214607,0.00000000,0.00000000,0.00000000,,,,,,,,,,
28610150,0.00021742,0.00000000,0.00000000,0.00000000,0.01093967,0.00000000,0.00000000,0.00000000,0.00000000,,,,,,,,,,
439975128,0.00033568,0.00000000,0.00000000,0.00000000,0.00000000,0.00158346,0.00000000,0.00000000,0.00000000,,,,,,,,,,
348408734,0.00041569,0.00000000,0.00000000,0.00000000,0.00000000,0.00196089,0.00000000,0.00000000,0.00000000,,,,,,,,,,
115376826,0.00054199,0.00000000,0.00243517,0.00000000,0.00000000,0.00000000,0.00536819,0.00000000,0.00000000,,,,,,,,,,
29868189,0.00062335,0.00000000,0.00000000,0.00000000,0.00000000,0.00092374,0.00833184,0.00000000,0.00000000,,,,,,,,,,
373448899,0.00055735,0.00000000,0.00000000,0.00585898,0.00000000,0.00000000,0.00000000,0.00000000,0.00000000,,,,,,,,,,
354438667,0.00106334,0.00000000,0.00000000,0.00000000,0.00000000,0.00000000,0.02072299,0.00000000,0.00000000,,,,,,,,,,
13471997,0.00030061,0.00000000,0.00000000,0.00000000,0.00000000,0.00141805,0.00000000,0.00000000,0.00000000,,,,,,,,,,
10617186,0.00029688,0.00000000,0.00000000,0.00000000,0.00000000,0.00000000,0.00578575,0.00000000,0.00000000,,,,,,,,,,
350690094,0.00051245,0.00000000,0.00000000,0.00000000,0.02578454,0.00000000,0.00000000,0.00000000,0.00000000,,,,,,,,,,
368232355,0.00021946,0.00000000,0.00000000,0.00000000,0.01104222,0.00000000,0.00000000,0.00000000,0.00000000,,,,,,,,,,
547323117,0.00017744,0.00000000,0.00000000,0.00000000,0.00892791,0.00000000,0.00000000,0.00000000,0.00000000,,,,,,,,,,
51971607,0.00022890,0.00000000,0.00000000,0.00000000,0.01151721,0.00000000,0.00000000,0.00000000,0.00000000,,,,,,,,,,
117424265,0.00086389,0.00000000,0.00000000,0.00000000,0.04346778,0.00000000,0.00000000,0.00000000,0.00000000,,,,,,,,,,
73353510,0.00014925,0.00000000,0.00000000,0.00000000,0.00750970,0.00000000,0.00000000,0.00000000,0.00000000,,,,,,,,,,
414645161,0.00151781,0.00000000,0.00000000,0.00000000,0.07637050,0.00000000,0.00000000,0.00000000,0.00000000,,,,,,,,,,
344766900,0.00013873,0.00000000,0.00000000,0.00000000,0.00698061,0.00000000,0.00000000,0.00000000,0.00000000,,,,,,,,,,
12468690,0.00323703,0.00000000,0.00000000,0.00000000,0.16287494,0.00000000,0.00000000,0.00000000,0.00000000,,,,,,,,,,
358612313,0.00002801,0.00000000,0.00000000,0.00000000,0.00140930,0.00000000,0.00000000,0.00000000,0.00000000,,,,,,,,,,
68076852,0.00009810,0.00000000,0.00000000,0.00000000,0.00493607,0.00000000,0.00000000,0.00000000,0.00000000,,,,,,,,,,
375321946,0.00124060,0.00000000,0.00000000,0.00000000,0.06242216,0.00000000,0.00000000,0.00000000,0.00000000,,,,,,,,,,
343397512,0.00009530,0.00000000,0.00000000,0.00000000,0.00479521,0.00000000,0.00000000,0.00000000,0.00000000,,,,,,,,,,
19087363,0.00041473,0.00000000,0.00000000,0.00000000,0.02086742,0.00000000,0.00000000,0.00000000,0.00000000,,,,,,,,,,
348096271,0.00046149,0.00000000,0.00000000,0.00000000,0.00000000,0.00217695,0.00000000,0.00000000,0.00000000,,,,,,,,,,
19054949,0.00150738,0.00000000,0.00000000,0.00000000,0.07584585,0.00000000,0.00000000,0.00000000,0.00000000,,,,,,,,,,
20317318,0.00063576,0.00000000,0.00000000,0.00000000,0.00666334,0.00237433,0.00000000,0.00000000,0.00000000,,,,,,,,,,
447082314,0.00031756,0.00000000,0.00000000,0.00000000,0.00000000,0.00149802,0.00000000,0.00000000,0.00000000,,,,,,,,,,
358469126,0.00022830,0.00000000,0.00000000,0.00000000,0.00000000,0.00000000,0.00444932,0.00000000,0.00000000,,,,,,,,,,
88212080,0.00026892,0.00000000,0.00000000,0.00000000,0.00000000,0.00126854,0.00000000,0.00000000,0.00000000,,,,,,,,,,
400182332,0.00045419,0.00000000,0.00414959,0.00000000,0.00000000,0.00000000,0.00000000,0.00000000,0.00000000,,,,,,,,,,
358775886,0.00023626,0.00023626,0.00000000,0.00000000,0.00000000,0.00000000,0.00000000,0.00000000,0.00000000,,,,,,,,,,
96453132,-0.00017836,0.00000000,0.00000000,0.00000000,0.00000000,-0.00084134,0.00000000,0.00000000,0.00000000,,,,,,,,,,
347220911,0.00025368,0.00000000,0.00000000,0.00000000,0.00000000,0.00000000,0.00494383,0.00000000,0.00000000,,,,,,,,,,
41523341,0.00031115,0.00000000,0.00000000,0.00000000,0.00000000,0.00000000,0.00606390,0.00000000,0.00000000,,,,,,,,,,
1319928452,0.00039926,0.00000000,0.00000000,0.00000000,0.00000000,0.00000000,0.00778099,0.00000000,0.00000000,,,,,,,,,,
481390647,0.00042193,0.00000000,0.00000000,0.00000000,0.00000000,0.00199032,0.00000000,0.00000000,0.00000000,,,,,,,,,,
60445589,0.00025591,0.00000000,0.00000000,0.00000000,0.00000000,0.00000000,0.00498730,0.00000000,0.00000000,,,,,,,,,,
5032932,0.00105277,0.00000000,0.00000000,0.00000000,0.00000000,0.00000000,0.02051704,0.00000000,0.00000000,,,,,,,,,,
19826251,0.00072802,0.00000000,0.00000000,0.00000000,0.00000000,0.00000000,0.01418804,0.00000000,0.00000000,,,,,,,,,,
346626295,0.00026206,0.00000000,0.00000000,0.00000000,0.00000000,0.00123620,0.00000000,0.00000000,0.00000000,,,,,,,,,,
564963398,0.00052185,0.00000000,0.00000000,0.00548575,0.00000000,0.00000000,0.00000000,0.00000000,0.00000000,,,,,,,,,,
345204386,0.00016713,0.00000000,0.00000000,0.00000000,0.00840929,0.00000000,0.00000000,0.00000000,0.00000000,,,,,,,,,,
347304105,0.00031022,0.00000000,0.00000000,0.00000000,0.01560926,0.00000000,0.00000000,0.00000000,0.00000000,,,,,,,,,,
347651312,0.00023717,0.00000000,0.00000000,0.00000000,0.01193330,0.00000000,0.00000000,0.00000000,0.00000000,,,,,,,,,,
11681822,0.00006985,0.00000000,0.00000000,0.00000000,0.00351444,0.00000000,0.00000000,0.00000000,0.00000000,,,,,,,,,,
82576885,0.00024363,0.00000000,0.00000000,0.00000000,0.01225878,0.00000000,0.00000000,0.00000000,0.00000000,,,,,,,,,,
19071074,0.00054572,0.00000000,0.00000000,0.00000000,0.02745843,0.00000000,0.00000000,0.00000000,0.00000000,,,,,,,,,,
19055704,0.00007683,0.00000000,0.00000000,0.00000000,0.00386588,0.00000000,0.00000000,0.00000000,0.00000000,,,,,,,,,,
410385154,0.00019405,0.00000000,0.00000000,0.00000000,0.00976380,0.00000000,0.00000000,0.00000000,0.00000000,,,,,,,,,,
1271424792,0.00024011,0.00000000,0.00000000,0.00000000,0.01208122,0.00000000,0.00000000,0.00000000,0.00000000,,,,,,,,,,
357402189,-0.00000812,0.00000000,0.00000000,0.00000000,-0.00040835,0.00000000,0.00000000,0.00000000,0.00000000,,,,,,,,,,
491575,0.00533278,0.00000000,0.00000000,0.00000000,0.26832518,0.00000000,0.00000000,0.00000000,0.00000000,,,,,,,,,,
343752870,0.00212138,0.00000000,0.00000000,0.00000000,0.10673969,0.00000000,0.00000000,0.00000000,0.00000000,,,,,,,,,,
353452455,0.00000000,0.00000000,0.00000000,0.00000000,0.00000000,0.00000000,0.00000000,0.00000000,0.00000000,,,,,,,,,,
500997527,0.00018556,0.00000000,0.00000000,0.00000000,0.00933661,0.00000000,0.00000000,0.00000000,0.00000000,,,,,,,,,,
344050212,0.00007372,0.00000000,0.00000000,0.00000000,0.00370909,0.00000000,0.00000000,0.00000000,0.00000000,,,,,,,,,,
351105432,0.00025050,0.00000000,0.00000000,0.00000000,0.01260442,0.00000000,0.00000000,0.00000000,0.00000000,,,,,,,,,,
24740461,0.00000360,0.00000000,0.00000000,0.00000000,0.00018138,0.00000000,0.00000000,0.00000000,0.00000000,,,,,,,,,,
7327933,0.00005416,0.00000000,0.00000000,0.00000000,0.00272523,0.00000000,0.00000000,0.00000000,0.00000000,,,,,,,,,,
28584973,0.00099709,0.00000000,0.00000000,0.00000000,0.05016980,0.00000000,0.00000000,0.00000000,0.00000000,,,,,,,,,,
42337144,0.00008013,0.00000000,0.00000000,0.00000000,0.00403160,0.00000000,0.00000000,0.00000000,0.00000000,,,,,,,,,,
158892483,0.00008310,0.00000000,0.00000000,0.00000000,0.00418151,0.00000000,0.00000000,0.00000000,0.00000000,,,,,,,,,,
64276236,0.00005882,0.00000000,0.00000000,0.00000000,0.00295953,0.00000000,0.00000000,0.00000000,0.00000000,,,,,,,,,,
347369370,0.00010729,0.00000000,0.00000000,0.00000000,0.00539862,0.00000000,0.00000000,0.00000000,0.00000000,,,,,,,,,,
507377945,0.00095469,0.00000000,0.00000000,0.00000000,0.04803663,0.00000000,0.00000000,0.00000000,0.00000000,,,,,,,,,,
107071447,0.00034202,0.00000000,0.00000000,0.00000000,0.01720930,0.00000000,0.00000000,0.00000000,0.00000000,,,,,,,,,,
358907850,0.00001225,0.00000000,0.00000000,0.00000000,0.00061657,0.00000000,0.00000000,0.00000000,0.00000000,,,,,,,,,,
9077320,0.00083724,0.00000000,0.00000000,0.00000000,0.04212677,0.00000000,0.00000000,0.00000000,0.00000000,,,,,,,,,,
37050687,0.00079642,0.00000000,0.00000000,0.00000000,0.04007264,0.00000000,0.00000000,0.00000000,0.00000000,,,,,,,,,,
87556109,0.00000686,0.00000000,0.00000000,0.00000000,0.00034521,0.00000000,0.00000000,0.00000000,0.00000000,,,,,,,,,,
536946058,0.00002070,0.00000000,0.00000000,0.00000000,0.00104152,0.00000000,0.00000000,0.00000000,0.00000000,,,,,,,,,,
34784863,0.00010682,0.00000000,0.00000000,0.00000000,0.00537476,0.00000000,0.00000000,0.00000000,0.00000000,,,,,,,,,,
356454105,0.00082198,0.00082198,0.00000000,0.00000000,0.00000000,0.00000000,0.00000000,0.00000000,0.00000000,,,,,,,,,,
50911294,0.00018251,0.00000000,0.00000000,0.00000000,0.00000000,0.00000000,0.00355685,0.00000000,0.00000000,,,,,,,,,,
60015931,0.00007452,0.00007452,0.00000000,0.00000000,0.00000000,0.00000000,0.00000000,0.00000000,0.00000000,,,,,,,,,,
62983718,0.00021534,0.00021534,0.00000000,0.00000000,0.00000000,0.00000000,0.00000000,0.00000000,0.00000000,,,,,,,,,,
406564472,0.00018300,0.00000000,0.00000000,0.00000000,0.00920789,0.00000000,0.00000000,0.00000000,0.00000000,,,,,,,,,,
56475917,0.00005661,0.00005661,0.00000000,0.00000000,0.00000000,0.00000000,0.00000000,0.00000000,0.00000000,,,,,,,,,,
541720533,-0.00066503,-0.00066503,0.00000000,0.00000000,0.00000000,0.00000000,0.00000000,0.00000000,0.00000000,,,,,,,,,,
34934790,0.00010704,0.00010704,0.00000000,0.00000000,0.00000000,0.00000000,0.00000000,0.00000000,0.00000000,,,,,,,,,,
371626310,0.00029332,0.00000000,0.00000000,0.00000000,0.00000000,0.00000000,0.00571645,0.00000000,0.00000000,,,,,,,,,,
83903354,0.00008859,0.00000000,0.00000000,0.00000000,0.00000000,0.00041792,0.00000000,0.00000000,0.00000000,,,,,,,,,,
21417667,0.00016491,0.00000000,0.00000000,0.00000000,0.00000000,0.00000000,0.00321383,0.00000000,0.00000000,,,,,,,,,,
428120235,0.00023917,0.00000000,0.00000000,0.00000000,0.00000000,0.00112824,0.00000000,0.00000000,0.00000000,,,,,,,,,,
358154884,0.00043845,0.00000000,0.00000000,0.00000000,0.00000000,0.00206826,0.00000000,0.00000000,0.00000000,,,,,,,,,,
409772108,0.00022571,0.00000000,0.00000000,0.00237267,0.00000000,0.00000000,0.00000000,0.00000000,0.00000000,,,,,,,,,,
435035360,0.00031986,0.00000000,0.00000000,0.00000000,0.00000000,0.00150886,0.00000000,0.00000000,0.00000000,,,,,,,,,,
356307530,0.00006225,0.00006225,0.00000000,0.00000000,0.00000000,0.00000000,0.00000000,0.00000000,0.00000000,,,,,,,,,,
539738219,0.00000630,0.00000630,0.00000000,0.00000000,0.00000000,0.00000000,0.00000000,0.00000000,0.00000000,,,,,,,,,,
147440067,0.00010601,0.00000000,0.00000000,0.00000000,0.00000000,0.00050009,0.00000000,0.00000000,0.00000000,,,,,,,,,,
358511632,0.00004626,0.00000000,0.00000000,0.00048625,0.00000000,0.00000000,0.00000000,0.00000000,0.00000000,,,,,,,,,,
409559741,0.00024273,0.00000000,0.00000000,0.00000000,0.00000000,0.00000000,0.00000000,0.00528632,0.00000000,,,,,,,,,,
415022764,0.00036017,0.00000000,0.00000000,0.00000000,0.00000000,0.00000000,0.00000000,0.00784392,0.00000000,,,,,,,,,,
119702026,0.00006302,0.00006302,0.00000000,0.00000000,0.00000000,0.00000000,0.00000000,0.00000000,0.00000000,,,,,,,,,,
1936110,0.00005136,0.00000000,0.00000000,0.00000000,0.00000000,0.00024227,0.00000000,0.00000000,0.00000000,,,,,,,,,,
371597696,0.00003703,0.00000000,0.00000000,0.00000000,0.00000000,0.00017470,0.00000000,0.00000000,0.00000000,,,,,,,,,,
356329695,0.00044837,0.00022597,0.00000000,0.00233794,0.00000000,0.00000000,0.00000000,0.00000000,0.00000000,,,,,,,,,,
51677358,0.00007096,0.00000000,0.00000000,0.00000000,0.00000000,0.00000000,0.00138283,0.00000000,0.00000000,,,,,,,,,,
540704615,0.00003878,0.00000000,0.00000000,0.00000000,0.00000000,0.00000000,0.00000000,0.00084454,0.00000000,,,,,,,,,,
347788851,0.00035390,0.00016549,0.00000000,0.00000000,0.00492857,0.00000000,0.00176300,0.00000000,0.00000000,,,,,,,,,,
84051036,0.00007032,0.00000000,0.00000000,0.00000000,0.00000000,0.00000000,0.00137040,0.00000000,0.00000000,,,,,,,,,,
84100511,0.00010763,0.00000000,0.00000000,0.00113141,0.00000000,0.00000000,0.00000000,0.00000000,0.00000000,,,,,,,,,,
557959928,0.00010099,0.00000000,0.00000000,0.00000000,0.00000000,0.00000000,0.00000000,0.00219933,0.00000000,,,,,,,,,,
348164082,0.00012440,0.00000000,0.00000000,0.00130769,0.00000000,0.00000000,0.00000000,0.00000000,0.00000000,,,,,,,,,,
383571205,0.00004426,0.00000000,0.00000000,0.00046525,0.00000000,0.00000000,0.00000000,0.00000000,0.00000000,,,,,,,,,,
159056105,0.00003711,0.00000000,0.00000000,0.00000000,0.00186732,0.00000000,0.00000000,0.00000000,0.00000000,,,,,,,,,,
507989786,0.00010926,0.00000000,0.00000000,0.00000000,0.00000000,0.00000000,0.00000000,0.00237952,0.00000000,,,,,,,,,,
131777588,0.00006863,0.00000000,0.00000000,0.00000000,0.00345319,0.00000000,0.00000000,0.00000000,0.00000000,,,,,,,,,,
7291271,0.00007866,0.00000000,0.00039874,0.00000000,0.00000000,0.00000000,0.00068231,0.00000000,0.00000000,,,,,,,,,,
556714601,0.00006129,0.00000000,0.00000000,0.00000000,0.00000000,0.00028913,0.00000000,0.00000000,0.00000000,,,,,,,,,,
431955483,0.00008276,0.00008276,0.00000000,0.00000000,0.00000000,0.00000000,0.00000000,0.00000000,0.00000000,,,,,,,,,,
11767348,0.00003912,0.00003912,0.00000000,0.00000000,0.00000000,0.00000000,0.00000000,0.00000000,0.00000000,,,,,,,,,,
451437041,0.00003264,0.00003264,0.00000000,0.00000000,0.00000000,0.00000000,0.00000000,0.00000000,0.00000000,,,,,,,,,,
138756740,0.00006706,0.00000000,0.00000000,0.00000000,0.00337437,0.00000000,0.00000000,0.00000000,0.00000000,,,,,,,,,,
